company,place,price,total,major,tag
新光互动-精选服务商,北京,¥1000,2090,【包你满意】微信开发 小程序开发 小程序设计 小程序商城,"3套方案供选,48H出稿,保证完成"
圣融科技有限公司,北京,¥4000,4918,微信公众号微信小程序定制开发小程序商城定制开发小程序商城H5,"48H出稿,一年免费维护,保证完成"
千界科技-国家高企双软企业,北京,¥1588,2260,saas支付宝微信公众号小程序商城H5python开发定制作,"免费修改到满意为止,一年免费维护,保证完成"
百荣科技-国家高新企业,北京,¥1899,4170,微信小程序定制开发小程序软件定制开发小程序商城H5微信开发,"免费修改到满意为止,一年免费维护,保证完成"
聚成网络-国家高新企业双软认证,北京,¥1000,1192,微信小程序|小程序开发定制|微信公众号平台开发小程序商城,"48H出稿,保证完成"
卓诚科技互联网全案服务,北京,¥500,1770,微信小程序开发微信开发小程序定制开发微信公众号开发H5开发,"免费修改到满意为止,一年免费维护,保证完成"
鲁班开发,北京,¥2000,3202,微信小程序开发微信开发公众号app开发网站APP商城定制模板,三个月免费维护
千界科技-国家高企双软企业,北京,¥1588,2260,saas支付宝微信公众号小程序商城H5python开发定制作,"免费修改到满意为止,一年免费维护,保证完成"
页溪软件-国家双软认证企业,北京,¥2980,50,微信开发／小程序开发／小程序定制／公众号平台开发／公众号平台,
上海闻峥-国家高新企业-八戒优质服务商5强,北京,¥3899,0,微信小程序开发微商城公众平台开发电商教育小程序定制直播小程序,"48H出稿,保证完成"
喜望软件-智慧出行软件供应商,北京,¥1688,525,【微信开发】打车/直播/商城/小程序成品定制开发,"3套方案供选,12H出稿,保证完成"
启世科技-高端定制开发先锋品牌,北京,¥1488,205,微信小程序定制开发小程序应用APP定制开发商城微信H5定制开,"3套方案供选,48H出稿,保证完成"
页溪软件-国家双软认证企业,北京,¥2980,0,微信小程序定制公众号平台成品微商城H5开发,"24H出稿,免费修改到满意为止,一年免费维护"
小跑科技-100人技术团队,北京,¥3000,1227,【微信小程序开发】微商城分销预约新零售app公众号H5定制,"一年免费维护,保证完成"
网帆科技【12年互联网品牌】,北京,¥1250,5562,微信小程序分销商城招聘点餐饮跑腿预约系统公众号H5定制作开发,"免费修改到满意为止,一年免费维护,保证完成"
盈科云商网络科技,北京,¥499.5,105,零元购同城商圈订单支付API接口对接app小程序定制开发,"3套方案供选,48H出稿,免费修改到满意为止"
杭州软阁科技有限公司,北京,¥1000,10,微信小程序|公众号|H5电商商城分销外卖订餐教育定制开发建设,"3套方案供选,48H出稿,保证完成"
百荣科技-国家高新企业,北京,¥1899,4170,微信小程序定制开发小程序软件定制开发小程序商城H5微信开发,"免费修改到满意为止,一年免费维护,保证完成"
杰里科技-名企服务商,北京,¥4200,313,微信小程序开发saas定制设计php公众号H5盲盒交友算法c,"3套方案供选,48H出稿,保证完成"
名锐讯动-500强合作商,北京,¥5000,32,【教育微信开发】小程序开发外包软件开发微信小程序,保证完成
皮皮虾科技★十年经验,北京,¥1999,324,微信小程序软件教育电商APP大数据服务二次定制开发UI设计,"3套方案供选,48H出稿"
久鑫网络/久久网络-国家高企(13年老店),北京,¥1999,1177,定制H5微信小程序商城开发门店电商外卖公众号平台设计支付外包,"48H出稿,免费修改到满意为止,一年免费维护"
威之德信息-百人团队国家高企,北京,¥2600,1170,微信小程序开发教育外卖点餐社区团购盲盒商城代驾打车家政定制,"3套方案供选,48H出稿,保证完成"
冰雪网络10年品牌老店,北京,¥1500,1403,微信小程序开发社区拼团购教育微商城定制作H5分销电商设计商城,"24H出稿,一年免费维护,保证完成"
冰慧网络,北京,¥500,190,微商城开发商城小程序开发微信定制开发分销拼团砍价商城冰慧网络,保证完成
新光互动-精选服务商,北京,¥1000,2090,【包你满意】微信开发 小程序开发 小程序设计 小程序商城,"3套方案供选,48H出稿,保证完成"
简策科技,北京,¥1588,184,微信小程序商城团购外卖点餐电商分销直播抖音定制设计公众号开发,"5套方案供选,24H出稿,保证完成"
咚乐网络-国家高新企业-十年实体经验,北京,¥1000,2121,微信小程序开发微信公众号开发软件开发定制H5PHPjava,保证完成
中科大重点孵化企业-海拔网络,北京,¥1588,514,微信公众号管理点餐分销电商城小程序H5系统软件定制开发外包,"12H出稿,一年免费维护,保证完成"
皮皮虾科技★十年经验,北京,¥999,3280,微信小程序APP软件H5制作成品行业小程序微商城定制开发制作,"3套方案供选,48H出稿,保证完成"
小火软件-国家高新技术企业,北京,¥998,566,微信小程序分销商城定制开发抖音支付宝企业公众号服务APP开发,保证完成
星河卓越--小程序开发|APP开发|区块链|网站,北京,¥14200,36,微信小程序定制开发|H5开发|微信公众号|小程序|微信开发,"3套方案供选,48H出稿,保证完成"
晟轩科技- 入驻15年国家高新技术企业,北京,¥1000,5514,小程序app开发招聘点餐生鲜电商分销多用户商城UI拼团小程序,保证完成
中恒科技 【九年技术团队】,北京,¥1270.4,1109,微信小程序公众号平台H5行业微商城餐饮外卖模板定制开发制作,"24H出稿,三个月免费维护,保证完成"
科威鲸网络-国家高企(12年实体品牌),北京,¥2800,1120,微信小程序定制后端开发公众号商城小游戏设计前端点餐H5制作,"48H出稿,免费修改到满意为止,一年免费维护"
禾高网络科技旗舰,北京,¥1500,592,微信小程序定制开发配送商城分销电商医疗社交相亲源码成品H5,"3套方案供选,48H出稿,保证完成"
创威科技—国家高新技术企业,北京,¥100,404,微信小程序开发定制作抖音成品源码百度系统订餐医疗外包头条团购,
天迅达科技-国家高新技术企业,北京,¥1000,1941,微信小程序开发商城教育旅游物流货运家政点餐题库定制答题公众号,保证完成
霆达科技官方自营店,北京,¥1000,1233,微信小程序公众号商城拼团答题抽奖教育同城物流打车h5定制开发,"3套方案供选,48H出稿,保证完成"
六牛科技-专精特新企业,北京,¥1000,97,微信小程序开发微商城点餐小程序生鲜配送外卖小程序定制开发,"一年免费维护,保证完成"
久鑫网络/久久网络-国家高企(13年老店),北京,¥1999,1177,定制H5微信小程序商城开发门店电商外卖公众号平台设计支付外包,"48H出稿,免费修改到满意为止,一年免费维护"
冰雪网络10年品牌老店,北京,¥1500,1403,微信小程序开发社区拼团购教育微商城定制作H5分销电商设计商城,"24H出稿,一年免费维护,保证完成"
完梦科技-国家高新双软企业软件开发商,北京,¥1800,51,微信小程序电商行业生鲜超市|社区团购拼团秒杀小程序商城开发,保证完成
杰里科技-名企服务商,北京,¥4200,313,微信小程序开发saas定制设计php公众号H5盲盒交友算法c,"3套方案供选,48H出稿,保证完成"
名锐讯动-500强合作商,北京,¥5000,162,微信小程序开发|新零售电商二级分销商城开发电商小程序设计定制,保证完成
科威鲸网络-国家高企(12年实体品牌),北京,¥5790,0,微信小程序定制开发电商小程序定制开发小程序模板,"免费修改到满意为止,一年免费维护,保证完成"
页溪软件-国家双软认证企业,北京,¥2980,204,微信小程序定制公众号平台成品微商城H5点餐小程序开发,"48H出稿,保证完成"
迷古科技-斩获上海市科技成果一等奖,北京,¥5888,6,微信小程序开发教育培训直播商城小程序开发小程序微商城定制开发,保证完成
禾高网络科技旗舰,北京,¥1500,592,微信小程序定制开发配送商城分销电商医疗社交相亲源码成品H5,"3套方案供选,48H出稿,保证完成"
简策科技,北京,¥1588,184,微信小程序商城团购外卖点餐电商分销直播抖音定制设计公众号开发,"5套方案供选,24H出稿,保证完成"
卓诚科技互联网全案服务,北京,¥500,1770,微信小程序开发微信开发小程序定制开发微信公众号开发H5开发,"免费修改到满意为止,一年免费维护,保证完成"
牧狼传媒,北京,¥1000,387,小程序开发微信小程序开发小程序商城小程序定制设计商城小程序,保证完成
慧族网络科技-高科技企业,北京,¥1000,140,微信小程序开发商城定制生鲜配送外卖同城社交婚恋直播考试测评,保证完成
网帆科技【12年互联网品牌】,北京,¥1250,5562,微信小程序分销商城招聘点餐饮跑腿预约系统公众号H5定制作开发,"免费修改到满意为止,一年免费维护,保证完成"
千界科技-国家高企双软企业,北京,¥1588,2260,saas支付宝微信公众号小程序商城H5python开发定制作,"免费修改到满意为止,一年免费维护,保证完成"
上海西陆科技_国家高新技术企业/双软企业,北京,¥5800,75,微信小程序营销推广开发公司微信运营外包微信公众号外包抖音头条,"免费修改到满意为止,一年免费维护,保证完成"
百荣科技-国家高新企业,北京,¥1899,4170,微信小程序定制开发小程序软件定制开发小程序商城H5微信开发,"免费修改到满意为止,一年免费维护,保证完成"
光荣网络光荣文创,北京,¥5780,0,微信小程序开发微商城开发微信商城微信三级分销商城小程序外卖光,
圣融科技有限公司,北京,¥4000,2295,微信小程序定制开发小程序商城定制开发小程序商城H5微信公众号,"免费修改到满意为止,一年免费维护,保证完成"
威之德信息-百人团队国家高企,北京,¥2600,1170,微信小程序开发教育外卖点餐社区团购盲盒商城代驾打车家政定制,"3套方案供选,48H出稿,保证完成"
新网科技-全国十佳开发商,北京,¥2188,152,微信小程序开发定制外包扫码点餐微商城支付宝公众号百度H5外卖,"24H出稿,一年免费维护,保证完成"
中恒科技 【九年技术团队】,北京,¥1270.4,1109,微信小程序公众号平台H5行业微商城餐饮外卖模板定制开发制作,"24H出稿,三个月免费维护,保证完成"
云淞网络,北京,¥2000,305,微信开发微信小程序定制开发小程序商城设计制作小程序开发定制,"免费修改到满意为止,一年免费维护,保证完成"
由你创-国家双软认证企业,北京,¥1500,99,【小程序开发】外卖点餐饮电商城分销|社区团购教育预约系统定制,"8套方案供选,48H出稿,保证完成"
咚乐网络-国家高新企业-十年实体经验,北京,¥1000,2121,微信小程序开发微信公众号开发软件开发定制H5PHPjava,保证完成
莫道网络,北京,¥1000,5,小程序开发丨微信小程序商城丨预约丨外卖点餐社区团购定制开发,"48H出稿,一年免费维护,保证完成"
上海笛量科技-国家高新企业（入驻猪八戒11年),北京,¥8500,842,企业微信支付宝小程序公众号平台设计定制作系统分销直播商城开发,
猫灵网络-国家高企双软挂牌企业,北京,¥2980,2,微信小程序定制商城小程序|分销小程序|教育小程序|定制化开发,
骐翔网络10年老店,北京,¥1688,0,微信小程序定制|开发小程序软件定制|小程序商城H5微信开发,保证完成
晟轩科技- 入驻15年国家高新技术企业,北京,¥1000,5514,小程序app开发招聘点餐生鲜电商分销多用户商城UI拼团小程序,保证完成
创威科技—国家高新技术企业,北京,¥100,404,微信小程序开发定制作抖音成品源码百度系统订餐医疗外包头条团购,
启世科技-高端定制开发先锋品牌,北京,¥1488,205,微信小程序定制开发小程序应用APP定制开发商城微信H5定制开,"3套方案供选,48H出稿,保证完成"
聚成网络-国家高新企业双软认证,北京,¥1000,1192,微信小程序|小程序开发定制|微信公众号平台开发小程序商城,"48H出稿,保证完成"
